road_speed,road_speed [km/h]
10.27777778,37.00000001
